esco_id,job_zone
0022f466-426c-41a4-ac96-a235c945cf97,3
0090dd54-057a-4f65-bbe8-f74c4999e8e8,2
01205776-db8d-4588-a6a6-56d0b9c660a9,4
01989dd8-36c0-43cc-a82d-2bfc409de9c4,4
01d74409-5303-4b5c-8925-0cc21c4da8ee,4
021663ca-a367-472e-a1f0-6d8ab5b2d860,2
02609ece-cea3-43fa-bf38-b6fb821f28b2,4
03632d98-0ae3-4dd2-941c-3b48de9a0219,4
03b55cb5-9735-4582-8e20-2b1cb76635cb,4
0458929a-f6c9-40ed-8ce3-caa9f03a6b5b,2
046574a1-9bb3-4a80-8a7b-83dc7db1dae2,3
04849c5c-9236-4a75-aabb-11c6d03e459c,3
04f39bfa-bc03-4480-98bc-b18ce4fe4b4b,4
0599d0e7-398f-464b-97bb-427686f27d50,3
06461fc3-1274-40a1-9322-dfc2753f5eea,2
066a9d8f-3948-409c-a3cf-ed8ed37cfe22,2
068df7d1-516f-4829-b339-294cb0cf6318,4
070e94a8-a933-4557-9b95-fefe7f4f1763,4
07c2287f-3caa-4128-b7c8-59801084d931,3
080bce18-066b-4431-90ed-e07608f73fe0,2
08edf4c5-3551-4690-9d09-f9b8b9194c90,3
08f5481e-9233-4ef2-9e4b-945224879ce5,3
0917ab6b-18a8-4cfd-8e7a-843b88cf9457,4
094e04fd-3039-4615-850b-b232794f84f5,3
09c2b506-cefa-4ba3-b868-a9c2bc4fc6f1,3
0a3c2d5b-e1f9-4200-9288-62bf3fed3310,2
0b1d8dcb-d941-4d79-99bf-fc10c1806c43,5
0bce6d52-a45e-4826-91ea-68976f1b9d1c,4
0c3672ed-450b-4fcd-a3d0-579a10004486,3
0dce2f9b-eda5-4dc4-ba74-36eeed8c9a44,2
0ec62c2e-30c9-434e-bf36-5277a0840450,3
0f2c04f1-9001-4a77-884f-1ea16949f6f6,3
0f905036-055f-41d9-b292-e3c02617a193,2
0fc6c577-7d5d-4bcd-8ce8-4a4114d6a809,2
10291962-c0c7-4e5b-a7ed-0762b4d9b010,5
1044dedc-81d1-48b6-96b3-ced5393b2de1,4
107d21c6-973b-411c-89fd-69da48d29ada,4
10841c22-0154-48ab-aaca-ce61b9a8e448,3
1209b85e-80f1-490f-a7e1-6ad220bb956d,4
1242d99a-47f1-4a62-b884-33746db8a6ca,4
12dc4509-7d36-46d8-aca0-c147c7ecd806,3
133ab775-f08d-4bc7-8629-89d286180f4e,4
13427968-250b-4967-a682-afac5cd0af4f,2
13e30c08-8834-4e4f-b6f9-89fffed4e310,4
15419750-d6e6-4ab8-a77b-b42794f2e168,3
15ab8475-549d-48a7-9d4a-5bb310015312,1
15cc27b1-7358-48ed-9fb8-69ffe9f1fc98,3
1619d7f3-7d95-407c-a20e-47745bfcde73,4
16605833-c196-48d7-a6f5-bbdebdc353df,4
1765f9b2-8483-490d-8df6-6e39db30ad82,3
17abb59e-a1f9-4ce8-88b7-569e5413dca9,2
17c02096-05d6-4a5a-ba93-9f22d68df0d3,3
17e39591-7137-4960-94c8-8169f7a5d67b,4
183d60f2-277f-47c8-a8c6-f5c8eedba2b0,2
186ef31e-f26f-4320-a307-c5f95d6cb284,4
18d2b37a-9c31-4393-833e-bc2f7b1ce52a,4
190ec9a5-938c-45a5-bd9c-c12b1af33353,5
1999bdfa-f9c4-4a0b-8565-0305108ca65e,2
1a46d0f0-93d7-44d1-bff9-58e3f21bd4c4,4
1bb7c072-38c8-430a-b943-76bfa312a5f4,1
1c36dd08-f6a7-43f2-a889-beebedb71c25,4
1c85eee2-a8ca-4750-a889-10a3e6c17b80,4
1ce76c3b-edee-41b4-88c2-5db9b70d8bf0,3
1d70e660-1114-41c6-926a-053541460d88,3
1da55a33-09b3-4ac7-818e-2a0fea68cecc,4
1de91afd-9da2-47ab-a7e7-19bf931709a4,4
1f13d8c3-f601-4d3b-adc8-c8d52e0c15d5,1
1f958638-066f-470c-9549-a9070ba280a6,4
1f97f6e6-0ac7-4e77-88ab-2e3801c5a223,4
1fb92021-9576-4c85-8759-f6918e9f0ad4,5
1fce1be0-bf52-449b-9a2b-3f2cc710290a,4
1ff61522-8947-4c95-b589-cb0e0539a62b,4
20786e6d-36f0-4d1e-b033-05101fa71f3c,3
2079755f-d809-49e6-8037-4de6180e54c0,4
20e39113-05f5-4184-94e2-f5e8e8c8d2ea,4
21ae429f-a152-46a6-a73c-9ec65c7803f0,3
21af40bb-2ae3-4fc7-9b28-d2cdd8308912,2
21f4eb29-f6e5-4623-acb9-f3ff9c2f525d,3
21fe7141-68fa-4db7-9ee2-53097cef541a,2
2231ed97-69dc-4b6e-93ee-8c0e5bb5dbb8,2
2296fa07-98ae-4875-b18d-96ed86134ffb,3
22987b58-dbfa-4ecd-ae3f-82dd209255f6,4
2339733d-5a37-4031-b587-db28848e4958,3
24161923-e3e6-4096-b377-f1ee8a7ea31b,4
246dda29-70f6-408b-b205-aa17b2ffb168,2
24a170fc-be68-43a5-93f1-7a5c31c6062b,2
2555a1bc-9f30-4371-9499-64793e48cd55,3
259d9967-2189-4b98-be32-9d3169b02e1b,3
25eca7d1-e8ea-4f9d-b922-c532d971e17c,3
262f21a3-ae78-46f4-a5f9-5a1f502caa90,4
26852256-d423-41bb-8178-4d37ff2528b9,2
26e1add0-da3f-4ed6-aa91-791cb550146f,3
276ba420-ef09-4a0e-b215-2c2e2f80ad28,5
27a88c48-1d09-4a8c-a82a-a61ea16476d9,3
27eb624c-6171-4c71-aa71-bb21e83381d4,4
28742973-c452-4996-b070-440e437306dc,4
295dbed9-0330-42af-8650-f9296c6eb195,3
29e8a27f-5e68-4d47-b991-5c41f835c72a,4
2a226be5-6157-49e9-bd4b-e3b46d55c082,4
2afdf635-3cdb-4914-ab61-5dd7d7d46792,4
2b136e51-154b-4cb2-8130-f73228f14b11,2
2b31f745-f04f-4d2c-9692-4715e1448f80,4
2b4b5f84-4367-4cb9-9fa0-0e631eded6c8,2
2bf5169b-2c89-451a-9274-e2b4bc1f9487,4
2c027db0-d2a6-43f0-9c4a-caff27c7c54a,3
2c8a4b72-21f4-4ab1-9dbd-1cae779211b7,4
2c90a752-43f0-483d-8f64-3ce5e4535aa8,2
2c94916d-bd7d-4855-ab89-574d2c439a63,2
2c9939ef-ebab-4111-8f27-605ae8782791,4
2d3d7188-47ab-49b9-9045-e452d9db06f1,4
2d92f7f5-d2b1-4223-92c4-23c33f8604fc,3
2dc86f3d-a90e-4e7a-8a94-0bd728f22d7b,3
2e9c9404-0d86-453c-9001-3a0cd1d1323b,2
2f26a52b-cf45-4282-9138-478252161f00,4
2f372afe-d513-4357-abe1-e5e0b5cf9ae5,4
2fa8c1fc-e722-4985-9822-f5d8174248cf,2
2fb96c6c-8d0b-4ef0-b1ee-3e493305e4eb,4
30ed83ba-cc89-4d9f-a59d-5c783c1da56e,3
319f9864-7f13-4b0c-a827-d50295e239ad,3
31d0e6b8-64ae-4b04-b988-dbee03a4aaa9,1
3256e283-0892-4330-b9f2-6dc4aa4bd86b,2
32ef07df-1b0a-439a-916e-8289eb9f4895,3
32fcdc6f-1c8a-44e9-99b8-5519e4db4414,3
341b405b-12cd-4ece-9b4b-cbfae3551ea3,3
34b63359-faad-4d6a-9d4d-98c2c15b9fac,2
35bedc78-1c15-4db7-9c6d-c55e9b5c7b54,4
35cf772d-bbc9-4eb4-9ca6-5f982649d436,4
35e42c87-faf7-465f-abe4-f26717996dd1,4
35e67944-231e-4bc9-8c69-560f203167ff,3
35f62568-eb4e-4a09-9d83-ecc73116f94c,3
36095ccd-c62d-4f1f-8af7-1fd10618b044,3
364d9e9f-b14c-4905-b9e5-5de623dba268,3
375a4d32-0950-45db-9d85-3fc2a86f1d85,2
3826cb92-27f5-40ac-8dad-70af5abd6036,4
38395ab3-766c-4c6c-8d96-430eff19ec8d,2
39d7dca7-5e0b-4308-889e-9e3d22a3cb56,3
39e06c20-d262-44f9-a6a8-a0f3ba9e887c,2
3a17bd32-8a00-47cb-82aa-2b5660cf1192,2
3a75b477-e151-40fb-9909-b3641401bfed,3
3afd6af4-0c34-4311-ad73-65adc2571f0c,4
3ce4691e-ecea-4278-939e-b89ab01087b8,4
3d999108-f37a-4087-a936-b2911240b8c2,3
3da8ee8c-ab60-4feb-ab5b-3ba31ef9ec1f,2
3dab5c3f-84d0-4d52-901d-dd262eaea509,4
3e626058-f669-4503-84ec-6ae1a6077a61,2
3f0b6500-dfb5-40a8-9bce-72998ec3d344,2
3f3748a7-4bb3-40b4-9ae3-1c5040c70f52,4
3fa9a480-ceb3-4c2a-8a91-0508e1bb6ba5,3
40b77b1b-6f9c-4d25-8b08-8b3cb0aaf7e7,4
41519a6e-d4f1-4991-b821-24c54647949d,3
418f3a43-a6b2-4101-aaa0-832fe7d82885,3
41beead9-98ad-4c89-b6e0-a14149f4eeab,2
41d609a1-62df-4cec-ac71-6434e545a729,3
42c769cd-4c60-4bac-94d2-29a492b82b74,2
4305327d-3537-4dfb-a913-bce6614362f1,3
432cd69f-6323-4147-94f2-342de3cb0a65,4
43841fa5-f8ae-43ce-834d-5482ec23ef9e,3
43d49e27-302b-439d-bce6-86555527edb5,4
44cd9d91-5552-4735-86b8-4b2c5d39efc8,4
456ed487-02f2-45c9-9213-d0fd8e9a069d,3
4588cd69-e6a5-4668-94c7-f02a3d86a649,4
45a28fe1-30a4-4175-af19-e451ada60858,4
46354077-416f-4440-a0c3-dddee9031c05,4
463558cd-6e02-43a8-a675-d4e65af70431,3
463a687a-c7e9-469a-bb38-dcdfe1e7e35f,4
4666cccf-cfbc-4296-95b5-67dad2f620d2,3
46db7e2e-d44d-412a-9a80-02d43111aca8,4
4795d4e3-c623-47ff-abab-7de97fcb764e,4
4874fa37-0cd1-4a68-aed8-a838851f242d,4
48cff102-9fe2-4e0f-8156-88fd8a686e6c,2
491cf76d-eb0d-4f15-90f0-3f5c9b11472a,3
499f80e3-860c-48ef-8286-be929a93e254,3
49c3db8c-c586-42d1-9726-f65d8303c0b1,4
4a3f40a8-0587-494c-b8d3-7098b8c5992f,3
4b05bef2-ded4-4b09-ab94-f4c6a555a775,4
4b3201cb-ffc5-4f61-9fc3-5c0f0038fa5f,4
4b72d306-9781-434d-8522-1fcaf892cdce,4
4b759f0e-8fec-4cf5-80d4-d112a9fd4e51,5
4c40c1e8-0584-4a77-8ca3-ec82538f9488,3
4c715719-3c3f-4058-ba00-9b2ef34848e8,4
4cf7be91-fed9-47a7-9ca9-e74c7eb6becb,3
4d7d2628-1405-4ff2-b5b5-bd0d57ed9bbd,3
4daee8bd-8400-4da6-ba52-30d4c193d1a9,4
4e3fede9-5522-4624-91bc-b59c79fada02,4
4ed22a87-8478-4731-be11-5942eacb2e16,3
4ed36f4c-9d5b-4a01-bf59-7f3c7844ce95,3
4edbde9f-218e-49c7-812f-c45262fb4128,3
4efdf62f-a1d9-450e-aebc-2d6a6110f05d,3
501a3798-08bf-4475-88d2-0e8c9befb101,3
502fe307-ae65-46cb-a485-e559b9a35266,2
503ea267-93e9-4b8c-ae5e-817fe7e4a245,2
50743f62-3d5b-4ef6-b706-00d2b1adfcc3,3
50b41847-6dad-4a2e-9427-a0374c2963fd,3
511c8e9f-b19e-4ae8-9959-c047e7410441,3
5157706c-3fce-420e-9e7f-863000af5397,3
52a769ab-c899-4e8c-b31d-e5c2a01f32e3,3
52c25b47-c36e-49ff-92ce-8a8c5413fde6,2
531e98aa-2a03-489d-b811-ebbb7389864a,2
534d18fe-eae4-4a02-af4d-f78e92faa5d5,3
53a362a4-4c83-4ce2-837f-d1faba4cd247,4
546ec458-e2a4-4cb1-ac17-553d314ac2e2,4
54cba39a-5bb8-4e4c-89cd-d6097d3c6c3a,2
555235ce-8c45-409b-a6c9-83e69c2d2bce,4
55f001af-fa48-4c0c-a7e5-fc69babe3d45,4
56a535ff-189b-45da-97d4-775f78744f83,2
572c51ef-531b-4331-8e66-b1641173e54e,4
578470d7-1848-44cd-a769-96cdd64b2c37,2
57b459d4-655c-4053-b189-3c249ce33faf,4
589efb6c-9080-40b2-ab6a-144955675967,2
591d1758-3036-407a-91f7-e0e1f5c9deea,3
59207c91-eefa-4f26-baae-9ea215320ed0,2
594170bc-5663-40b0-97ef-c9f1ad51b2a0,4
599f34f0-bdf7-49e3-b5a9-f5d55f9e6873,2
59cfa27b-874f-48b7-8880-b65420239559,3
59dae100-fdfe-44bd-8bd8-a0d3cd813ce4,3
59ee6b71-a48d-4940-bdf1-e806ca60245c,2
5a0ff408-e1df-424b-a2d6-4b475a516f2a,3
5a282a39-5346-454a-b1ef-c1217c50e156,5
5a80044b-9b2f-40eb-a210-0c1c3c958e0e,3
5aff8b2a-298a-456d-957a-274c774e8523,3
5b942a51-c9a2-4dc7-82cc-57451426cf4d,2
5baffa9d-1607-4665-be94-662bad26b9ff,3
5c14982e-375d-47c5-9ea1-e9bcf3884643,3
5d4e374f-adfa-48bc-ba34-e51915484251,2
5d601b40-7e0e-404e-bbff-bb98e147437c,4
5e29c263-a3ca-4220-b67e-ee65205db294,2
5e5522c5-4b09-4586-a8f0-3b6d66d99969,2
6040c941-ab83-44b2-84e7-5cbfa1eafcdc,2
615920c5-4f63-4eb3-8b60-afaaed3ab1ff,4
6188bf20-5cdb-4702-af72-2cb67ec39810,3
62001bb7-4611-4b61-903e-d98589c0821a,4
62204bd8-98b5-418f-b189-7333904cbde7,4
62975936-0853-4a5d-9f59-bf943aca3cc6,2
62d3f108-ade2-44b5-beeb-d63d0b21268f,4
631aaef2-2d67-45c6-93a6-1b1abdf57542,2
64e38ce7-3901-4261-bfee-77c7a77397f2,4
653374a9-a96e-4c5b-849f-62ae67b0ed62,3
65fb0b53-b8c4-4839-b099-c80b6de5a158,4
6667bf29-a3e3-4513-a71b-82c67206045b,2
666846b2-01ce-43f6-8cb7-f3be09fac4a2,4
67f12d6c-295f-4315-8c5c-8e477c7f7019,2
68ad860f-c5cd-420f-840f-993e3e813508,2
68dd0dfc-c8b0-4fd0-9a6e-b0864925fa56,3
6a0b0c4f-b57a-4978-a637-2c0adff65996,2
6a29d804-f775-446c-bec7-35fc4e28ac97,4
6a6ce738-b049-4521-b402-8e1f346c7eca,2
6b0ad7c0-a37f-45c6-a486-ee943a11429e,1
6b304370-0112-4881-a1bd-27d8df645d00,3
6b5e5aa6-9bf7-47e6-90d2-4d2187d47d11,4
6ccb925a-264a-4e00-aa3a-503e53c5db2b,2
6ce5f7e3-a534-4aa2-ab23-255408ddb53a,4
6d421d34-baa1-44f9-9ea0-231d76e325fd,5
6d765c21-267d-4d3d-a989-9b7596670477,3
6d823dbb-4008-4fb7-b98d-f9d934478647,3
6e18b923-7c5f-42d7-8ff0-de8d8ba30dbf,2
6e1b1bd7-9eec-4f10-bce7-94a27d9023e8,4
6f9398cc-c4cc-415e-a757-fd855f55fda2,2
706e8b26-befb-429b-b71d-f72fad1bae12,2
7086d0ca-1e77-4690-89c9-7ed1a0478fa3,4
7109cdfd-1618-43b6-8317-8dc90fa583e6,2
719f101d-1866-49d3-8d5c-2256f606a8b9,4
7235d075-ecf6-42ba-8a60-d7e79bbce152,2
7259dc48-004a-4ceb-aa4e-5bbd548c2397,3
72add02e-ae39-4dfb-8047-ced4c1a347f5,4
73856e9e-eca2-44c2-bb3c-aaedf4b25979,4
73d3bee2-7c5e-4de2-8dd9-67241615dfd3,2
74cbe6fb-336f-4f3f-8c8f-7645b279a231,3
7648d5d9-cfab-4981-ba82-b66a9a41d37e,4
7664f3e6-b469-4e1a-b52c-8a7ac866eb5a,2
76884a72-d8b8-4819-bd40-71d6420a9a42,4
7696b15a-c52e-4ac5-b38d-9eeb010c5fa3,4
76a1a76c-b014-4600-8901-56cb936de7ed,4
76abbb82-c103-4d7a-a4c0-14dba4d6199a,4
7720f392-6ea0-4455-a805-7b7eef38a709,1
776837b1-6f6b-4014-8330-d56918303e93,2
7819669b-30c2-42e6-a1c4-0bcd6f0379ff,4
781a6350-e686-45b9-b075-e4c8d5a05ff7,4
78f474ae-c154-4206-ad0f-d8a00e9c541e,2
79fed799-ab3a-43d9-bd91-414c2c3b2f57,4
7a031723-2b2c-4fdd-8ed5-30d67088b8b8,4
7a18e959-44fe-49ae-9757-124f46a7487c,3
7b4744a8-a4e3-4104-9b74-4ec54108af7b,4
7b89d3e0-c6fb-4c95-bf0d-3b4acf05f9d6,4
7bc02fa7-7aaa-41a6-be5b-ab7a7b6684d3,4
7c320679-131d-4828-87ed-94886614b7ed,3
7c6fc2f0-6e16-4429-8190-f6faac0c3853,3
7d7ea936-a1c6-499d-9aa7-054e943b019b,2
7d99ed04-fda7-4f35-9f02-0db18078159c,2
7d9e2a65-758c-4cbd-b66d-3a595d3d63b1,3
7daa8fed-9a78-4fe2-afc2-153fc423040b,4
7e17f4ea-9565-41e0-b408-b52b5c9492a3,3
7f7d2bfe-f038-436f-95ff-29bc90726430,2
8050a89e-563b-4073-943b-84b0c4286c1f,2
80a648c5-ecb7-40e6-a4d4-7680291ffa74,3
811595cc-3100-4ca0-b860-3a77349342ae,4
812276dd-95ea-428b-b05e-a61c4089063c,2
8188136d-df82-4910-91e1-b185ec17c3c9,2
8213b4bc-60ce-4ffc-9e00-9758fb2003c6,4
822bbc2d-bc6a-4fb5-afb8-89170120c6d8,3
8249697a-3dc8-417d-9acf-3a7e0864069a,3
82616669-cc82-4455-9332-a2df209e9f3e,4
82b5c6dc-6a4d-4415-80d8-5cfedfc54de7,3
82e37849-30ec-4461-a40e-263d4c984f88,5
82fe0140-7069-47f9-a7d4-d63a611cb5bd,4
834aab9b-2246-4c3e-ab4a-cf3de1267e1a,2
83588a0e-b63d-4483-a884-06f1e3a1a4be,4
836f0a96-7546-4003-9fc8-714fc79199d4,4
83dc2d94-9e30-493a-bd93-6346e05fe146,3
83de6811-975d-4f7c-b81e-604c0c17e800,3
84d45916-eef7-4c58-a73c-3639c9965014,2
84f20f5d-149a-4512-b319-18a81d3d6026,3
853698f5-0f1e-42ae-9301-e5411a26dae2,4
86c892cf-09a3-44c8-b9d1-814d93dbcbb4,4
86da9311-1f7a-40bb-af65-ed2a7178fcae,2
874a2080-a9b6-46a9-8662-c9b7d4208f73,4
87580fa5-39d2-4b7e-9274-b744e684f17c,3
8801ef16-92a4-4889-8f80-9b78206c7ec0,4
8918dda6-d99b-4572-a8ba-2a786bf5e4e9,2
89330b57-6a30-40e1-b623-50f47a4b0c34,4
89a0af2a-edf4-4d1a-8526-f4a8f476cea2,4
8a0afc76-4a09-449a-9e7b-a33495889f95,5
8a87e8b3-aecf-48a7-9837-4e022c3b9bb9,4
8a925aca-f636-437c-8962-5deae170e246,4
8b97d85f-4a7a-4908-aa72-9c947c0cb0cd,3
8bc845cb-0702-47e4-aabc-4036032b0a8d,3
8c778238-98a4-4fec-a828-a4e978fb7a64,1
8cf68522-dfc9-43c0-9f65-892703f4705e,3
8d2df08e-0b2e-4837-8096-66595bbaab15,2
8d463763-5d38-4f47-903c-1c4df32141c1,4
8d703e8f-1e57-4246-8a6b-cb87a760d4ab,3
8f928d49-da89-4d07-9123-2151a4d276d4,3
8f9b20ff-86b3-478c-8054-73a220973d6f,2
8fdce434-caaa-42c7-a77c-7ba8d1cbc4be,2
903dc1bf-2da8-477d-83b2-687d360cf1da,4
90569478-805c-4d14-a1ba-e9c9c4ac2818,3
9161b2df-624c-4f5e-ad6c-0392439fa5c3,2
91e35fd9-ac59-48ef-8416-c06a201b2da8,4
92be1fac-97c4-4d4d-ada7-f6aa07d6f316,3
934c3572-37f4-4cdd-a4a4-017f5f7809e4,3
9358775a-3769-4327-bf25-6c0d9d69d192,3
93aa611c-a58c-43ff-bc34-6e201dfdd0dd,3
93b11f0f-69af-4ece-b9da-f29aab7d38d3,4
93dfef83-579c-4bef-b0ba-d41ee9cbda85,4
942211c1-b534-4a14-ae85-38ea44c2d14b,4
9422c30d-c5ef-4fcc-a493-d67ee42189c0,3
949bccd9-e1d2-4c57-b787-53b451aa1354,2
94adbb11-1c90-4092-ae91-781e8a55865d,4
94d94bd0-9ac3-4bd8-81c0-c3fdf551aa16,2
94e0bedd-e56e-42be-a5a4-b74a260f437c,4
952aa13c-731f-4add-98d1-66b59f70e607,3
9581c837-fee7-4068-9618-1116fd93d723,3
96430121-2757-4e96-9d6f-7517b25db4f7,1
96e88e86-f2c7-42e6-a2b2-17e4f08d4ee0,3
9729c0f3-c9bc-482e-ac59-a82ec3b67ba3,3
97b3cab1-f4f0-41ed-8c80-e65e6c067e95,3
98358049-fbcd-479e-a644-e92bde5af2e0,3
9851c83c-5670-4da0-964a-1ef0e682e30b,5
985400a7-362f-4f91-941a-2e149d94ac2a,3
98af7387-3974-457a-aa57-5397d1ea3949,3
98c3d8f8-e3a8-49b7-9e58-236f25a6f6a0,3
98e58946-3227-4f6c-a5d1-5892fe76883d,3
98f17395-0f8c-4f51-9072-cb8f66fd6044,4
9905cc76-d48b-49b1-94ab-17becb30be1a,5
990738f4-587c-4045-a10f-e3c1c019220e,2
998a0bf4-b1be-42ab-aee5-0096c9be3319,3
9a99a5fe-875d-49b2-9b53-cc1b73be1659,2
9b35eab1-2adc-4057-a620-181862656a19,2
9b51a2d2-999a-43a6-a814-63dd30a585fa,4
9bf4c8ea-e814-4772-ae31-0f29672dc497,4
9c57263e-a38f-4c45-9265-a3c3e7cc2c5c,2
9c61bba4-56b7-4846-9f4e-b1f2decf3e7e,2
9c9752b7-3e3b-4a08-8553-b63a013f8072,4
9db7d74c-b46d-45c0-b611-6bcb7456ecc6,4
9deee896-be9b-4aac-b55e-ceff1a7a843a,4
9e4269d5-e10e-4f49-ac99-65c833f933a2,5
9f1d546b-1b4e-4b64-97e8-600fc502304b,4
9f508305-80ce-4111-8722-f2c9b4a44890,4
a005f8a2-2d8a-433e-8d89-13575f822fd4,4
a0ebd342-8f89-4947-893d-fee9468cf001,4
a1acd539-c359-4af3-8a4a-07f1b611e368,2
a1b4eb5e-45d4-441b-a7e8-795ac5cf6fbf,3
a1ba7574-cc28-446c-9741-12d7fbb325cb,4
a1d0eb6b-20ac-4a2c-a7c1-9b016ea92b24,1
a2494c65-11a8-4853-9371-c89333c33be1,5
a2a126ac-d90d-4e9f-97d1-9b8dff2ff946,3
a2ade835-81c2-452e-a4d8-a90348bbe378,4
a2dee758-72f5-4f1c-b760-f2b8e9d81911,2
a330b100-e651-4db1-bcf0-e9cbc025c614,3
a429e4fe-22c6-4cb5-89ef-ca4d5b4d0363,3
a4e96a0c-3a49-4cd3-a45c-ff081c28405d,3
a520fba4-2a29-43a0-bfd5-43892306501d,4
a6517365-211c-456d-aca4-1a0115c7b1e1,4
a6e8a6bf-9209-4d19-a131-a8b6431e0f75,4
a74f6c51-37e5-423e-aa5b-044e98663027,4
a78d8e2b-fe31-447f-8694-38ed7198d143,3
a79170ad-0b7b-4697-864f-1748359aa10a,4
a7c1431b-a27c-4ab5-ace2-3f8753b481da,2
a7d6a377-3d3b-41cf-9301-f4a0a7ad3d96,4
a8ccc522-f57d-4800-a821-2e5c910e8301,3
a8d05b64-f60b-4dd9-91c2-e2e63d82f2f5,5
a9a41b21-8dd4-476f-96c7-85733fa63d3b,4
a9c7a04d-807a-41b5-b441-87c73c73c9c5,5
aab8009a-5759-4f52-8865-6cc657b1f099,4
aac0c510-f238-4dbe-beeb-1d7b73f4552c,1
aaf732b5-ee19-4c82-a08f-700fb98f5ca7,2
ab4dd4f9-ee6c-41cc-8b72-42ad0b13d1e2,4
abae06d8-525f-4a2d-8bbd-67b559aad8f2,1
ac7c07d1-bc11-4f19-bca5-e468e9b1a53c,3
acf462a3-9c34-46cb-952a-c612c38299f4,5
ae8b19cc-8c6e-4a16-ada2-c15f97ded133,4
aeb7c6bd-22c9-43c2-8551-a1cc2560584f,4
aecb033a-2be8-459c-bbdc-87bbae922894,3
afbe50b0-6634-4677-a3e7-0aada10cb9a7,4
afe9eaa4-433f-4ae6-90ff-afa098ccf1bb,2
b065b637-5cb5-44d9-8c39-08004b51734e,4
b0c6f284-f3ed-4820-a62e-4e87869f5a3e,2
b156960c-8508-4067-908d-f167847c55b1,4
b1ed68f8-8d51-4bcc-8825-bd554859480f,4
b223f402-0318-4e27-8691-df6e7f7295d2,4
b27854dd-3fbe-406e-a750-54f677d55936,4
b2cac4bc-abb7-41b3-a515-2ad006b8ebf6,3
b39a74a2-37fe-4fdc-ba8e-5bbbbdce2d89,4
b3b79192-f6e0-4aa0-92d1-f876508e05b3,2
b3e459a2-0103-4182-8882-c255d474a7ff,4
b55718eb-e8ff-4485-8ad0-bbac32cbd77b,4
b560456a-bc4d-41a9-94c8-bf8636147246,2
b5d76ddd-f59a-491a-9543-f6c0e2d8a950,2
b5e21e2b-ab0c-4c8d-8277-d98be4ad79c4,3
b65530b8-0b50-49da-8e9e-331b161374a5,4
b6a62e85-5ffe-41aa-8f2a-9959365dfe85,2
b6c851d1-bf09-40aa-aa50-47dde84e7d50,3
b76178c0-a03a-4793-b079-1e61e636c521,4
b8139469-92cc-4f57-9e69-a0d9f7fc3817,4
b864c9a3-ef6e-46a0-a40c-66188f74dfa7,5
b874b541-2cb3-460b-96d7-4f83fe04b41d,3
b9711647-463f-4991-a858-d5de66ff2f83,4
b9836ed2-1ca7-49b4-9f0e-bb5d2ca14443,3
bac62d45-bb74-45fa-9b38-a3ebf2095212,3
bb4ca5c1-879d-44e8-840d-24f320206bff,3
bbd1fe06-1b55-4937-9317-fc162311ab38,5
bc1748c7-29d6-43d5-a304-6b74f317ac26,3
bca063d2-a904-45db-b3f4-0fd7e681753e,3
bca2528a-5a87-4576-a3b5-1edbbce40a9f,3
bcc2c1db-f969-4355-bebf-4878ff6c2a94,4
bcde2372-fcf3-4270-8f62-c5583d1bb9ec,3
bd5a2f44-fc06-45fd-909b-3a4001c8b8a3,2
bd94312f-05c8-455d-a2f6-5490489ac4a4,2
bdfd018a-aae1-407e-a88c-471e50b0695d,3
be375e11-9a70-47cb-8091-711c94ed0c13,2
beacd3d6-e414-42ea-baf9-3ddc34fc143a,2
bf802371-4758-4268-a780-58e3d269831b,4
bf89925d-00a1-4f94-ab3b-2148c887af33,3
bff716c9-42c7-471e-8af0-582f799fb29a,4
c0386702-0699-4550-920b-1f7027c9a3d9,2
c05090e2-d599-46c8-a47b-3d52a893ca55,3
c07ab008-79c1-4516-8dcc-8289f797dc34,3
c262bb96-03bb-4c97-a45b-0cf36db5b048,5
c29f1a42-25cb-4192-9bc1-cc7560c00590,3
c2d36adb-ecf4-4823-980b-d84b0f11b2c8,4
c2efadc4-6f47-4f34-997b-dd80aba609dd,4
c3fc5265-6333-483f-9339-b4b860efa08d,3
c5328083-eda0-4ca8-b9cb-99a46e73a9bc,4
c56bb750-db0b-487b-89f4-82dee6dcab09,2
c6a26e11-bdf1-47a1-849d-fdcf819d458d,4
c6e5e0e7-fa99-4f71-9fc1-9889d85282a5,5
c76dda38-938c-404e-8a6d-78c8705eebc0,3
c90a6ebe-adcc-4395-9f5b-ff3e96e93cef,5
c932109b-3e4f-43aa-b346-1ea421da0adb,3
c93d58bd-3aa6-4de4-812d-010542f1dec8,2
c9862fdd-53b7-4da9-b742-4302d704836c,4
cb3432f8-bad7-4703-ba66-dc980a4ce4f7,2
cb3b2662-774a-4e6f-841e-f120244d7031,3
cb60beab-7afb-4e99-8162-221abea68e6d,3
cbdbe324-81fe-48da-a8f7-0106dd94a05b,4
cc325a8f-702e-4bf0-893f-5b5d456475ad,4
cc867bee-ab5c-427f-9244-f7a204d9574b,4
cc937d5f-4072-4fe7-bc23-2c9a465b8754,4
ce53a1b2-2fec-4d04-9390-47fb3dd525f0,4
ce8145f5-d7ea-40ea-b12e-ef168f11184a,3
ceb9910a-1174-4926-82c9-5afee2bd3702,3
cf74a14f-f1fe-4008-a935-5c173f246655,2
cfda19c9-c7e1-497d-a18b-66e29c773745,4
d185c066-cddf-4a8c-a931-5eefc21fc2a1,3
d1974e0c-8f92-473b-a32d-f0616c08b1ff,3
d21890a3-cbe9-49df-9a19-a4120d866548,5
d23fbcdc-d5e9-4724-a83f-99a0cfa8adb0,4
d2af4f6b-c990-4d8e-bb17-befca23a307a,3
d3fd0898-51f7-42a3-8f44-09408fc796f6,2
d46a0f9d-4474-46f8-b59d-7970da915b94,4
d4ccb6d4-ea97-47e5-a319-b72cffbf0631,3
d52db93d-9ae5-47d9-b9dc-eab8aa9f2ba9,2
d5a43cd3-230e-46d0-ba05-d67d61e5cfbb,3
d5ce0c23-6f8a-459f-9bf9-a7cb9768740a,2
d6ef013f-57e9-4100-bbe5-3e4930664dee,4
d7f3d76b-23e8-447e-93d5-da13ff9bc102,2
d96de969-d43d-4082-8559-7fc35484a217,4
d9723f33-7faf-4f8a-8a98-6b02d1e10f2b,4
d9e4581a-91b3-47f9-a2d5-70eb542caac5,2
daa6197d-dba6-49b5-8223-b31b7a126e4e,2
db20c08e-819e-4410-91e2-6ac06add4e27,1
db25e659-d77c-4f4a-a8a2-ee199d060345,2
db4057de-0c5a-4f68-8f81-2c0765978afb,4
db4f28ff-c208-4830-ab8b-4b07776db134,4
de80bbf0-447d-4a6a-845a-fdba4e0dc30c,4
defbf906-e823-44b4-872f-99406c51022b,3
defc8417-eeb6-4f13-8fcd-6518b99a40f4,2
df433613-4856-4e50-9be5-7a0ec0f4260a,2
df66a6e6-2130-4932-8aaf-263dafa569fa,4
dfa51b4d-0929-4885-b682-29e375c6b52c,4
dfb93ddb-ce34-4d2e-a178-541d45a7d98b,3
e027434f-8aa4-4d87-a070-b1d5c57749e6,4
e047b8f5-9491-4da2-8816-7aa37ad2370d,4
e0b347de-f88b-4f69-b7d0-0a965e41f0d5,2
e148e1ed-4f46-40a7-95c9-d6914f664f17,2
e19fe26f-0759-4bb1-af71-5bbecf3df69f,3
e1fdca51-a0e1-4bea-822f-82a090ece780,4
e297ec12-4712-40a4-ad98-ba004cacb205,5
e2a495fb-68a3-46f9-8753-6ce566a7a085,4
e2c38c87-2bcf-492a-a78e-3be9480481cc,3
e34b93ec-5e11-4858-ba1e-e245c4c39cec,3
e44b2459-af5e-492d-9c57-d9c2e62944e7,4
e4c915ff-6c9c-4fa9-a8fb-09d0c67e30d4,5
e4fca489-4c79-4392-874f-9ea1051c05c8,1
e58eadca-e512-4167-96f1-fff980f117e3,3
e5a63940-57d3-4065-8713-74b4e2c93063,4
e6023abf-ced3-4ac9-9437-cc79e4396e3e,3
e65a9b0e-7347-4f6e-945e-aaeee976ef6e,3
e7ef8a86-6acd-458d-bf48-634b8fd28950,2
e7f6e98a-cef5-41be-b65c-70cf1feed11d,3
e80cee57-3672-4aaf-8ca7-53b90771c364,2
e8bbc7fd-cfa2-406f-a664-57e5024cfbc5,4
e9640041-ca34-4955-aa8c-629717d0dcda,3
e96cec32-9960-4496-a790-a9d2254906fc,3
ea4c9aa1-cb9d-4037-a748-ac1305af7129,3
eb00745b-9abb-4bd8-8291-aade48af029d,3
ecfcf554-254f-4dd7-a20c-b60cc6b16054,2
eda6cb5e-c27a-4661-b536-eadeb387dee3,3
ef0363cf-361a-47df-9431-d94afb757ce0,3
f1ecc3c4-8212-4386-871a-6fda1b5b4d91,3
f2cc5978-e45c-4f28-b859-7f89221b0505,4
f31f487b-4ce2-40f3-90e8-7d0011b4ef1d,4
f444e8ec-5eed-4777-866e-7127aa06ce4f,3
f4e0016b-29fa-48ac-b98d-364c658f8aed,2
f4e3dd1c-f86b-4a69-8887-547255eadc79,3
f6811475-94d4-4d13-8d5f-f173978ae7ec,3
f73e11e7-0eb8-4a46-b2e1-9e544c2f3652,3
f7450c1f-20b7-45dd-b3bb-25095830bf3f,4
f7f8c077-26ec-455f-8311-aeafbc24d9a5,4
f817aab2-ec8a-45ec-88ef-c11e0f19fd85,4
f8438d21-c726-4534-8d7c-1c5aa9ef05ef,2
f84aae41-28cc-4aa0-a0df-e7c3030516fd,2
f874980a-e08f-4a58-bc21-2ff3cf472ec5,2
f88fb9dd-5a46-4086-a284-b1992174e55c,4
f8da6546-0c8a-4bd0-a952-6f3c253c9aba,2
f8e435dd-7aa9-4d7a-97c3-b3b5789b6b25,3
faed411a-f920-4100-86a8-b877928b429c,4
fb0c7da2-6d0e-4a3f-be3e-344f58f0e82d,4
fbc9ab3e-18f1-4b7b-8cd5-d6374ed5e9a9,5
fbf23c18-d9a3-4349-83dc-2bc39948bdf7,2
fcaab37b-ada2-4832-a2fd-9d64362e0280,4
fccecd5d-ad90-41a8-bb89-96d7595abca3,3
fd8b68c0-7341-44bb-855d-9b1254eade33,1
fdd8eef7-d89c-419f-9166-0747f466a769,2
fde4372d-8293-42de-afbb-8b5a9b274fe7,4
fe0fa514-b48d-4a53-9757-a283c0baacf0,4
ff2c1183-3fd7-40c7-8ddc-b20b100363c3,4
ff5210a5-2ea9-43b4-bebc-8d565f928eaa,2
ffa4dd5d-702b-4828-ad85-17ec50db6656,3
